position,aa,count
0,Q,74
0,H,1
0,R,9
0,E,164
0,P,1
1,S,2
1,G,7
1,V,223
1,I,4
1,M,9
1,L,4
2,Q,231
2,T,18
3,P,3
3,R,1
3,L,244
3,F,1
4,A,1
4,Q,21
4,R,13
4,V,196
4,K,8
4,L,10
5,Q,47
5,S,3
5,E,196
5,L,1
5,V,2
6,P,1
6,S,242
6,W,3
6,F,3
7,R,5
7,E,1
7,G,243
8,A,39
8,P,41
8,E,6
8,G,158
8,V,2
8,L,3
9,A,10
9,E,41
9,T,4
9,G,174
9,V,20
10,P,1
10,S,5
10,V,68
10,L,174
10,F,1
11,I,14
11,K,40
11,V,190
11,L,4
11,N,1
12,Q,140
12,K,104
12,R,3
12,E,2
13,P,245
13,T,4
14,P,1
14,S,23
14,T,18
14,G,207
15,A,18
15,E,28
15,D,2
15,G,133
15,Q,25
15,S,5
15,R,33
15,T,5
16,S,207
16,T,42
17,L,222
17,V,27
18,A,1
18,S,26
18,R,157
18,K,48
18,T,17
19,I,13
19,L,208
19,V,28
20,S,205
20,T,42
20,F,2
21,C,245
21,R,1
21,F,3
22,A,172
22,K,41
22,T,36
23,A,191
23,I,4
23,V,27
23,G,13
23,F,14
24,Y,3
24,S,242
24,C,3
24,F,1
